the,1016489
of,689197
to,419306
and,411723
in,352212
a,309744
is,220336
that,184213
be,135806
for,131825
as,123152
The,113358
by,108436
with,102691
was,102672
are,94502
it,93452
which,91394
not,89879
or,88011
on,87463
this,68721
from,67692
have,66683
an,63996
at,55638
were,55435
has,46151
their,46018
but,44905
can,44736
been,42511
In,40919
they,40869
had,39892
more,38791
may,35673
one,35319
his,33104
will,31524
there,31018
other,30873
would,30406
than,30292
such,29873
all,29291
It,29070
he,29051
its,28948
we,28238
This,27949
between,27060
some,26993
these,26738
also,25861
only,25661
who,25146
if,24694
no,24460
I,23266
so,23237
any,22609
about,21830
A,20317
two,20134
into,19929
what,19424
should,19355
when,18734
time,18530
those,18126
them,17937
could,17655
most,17488
social,16627
do,16403
out,16349
where,15871
first,15188
case,15051
work,14860
made,14790
both,14617
being,14534
then,14356
many,14241
because,13951
very,13894
use,13794
must,13733
different,13672
used,13366
people,13297
way,13278
up,13239
example,13047
new,12998
same,12735
over,12732
even,12646
under,12397
within,12355
much,12297
There,12102
see,11708
after,11527
might,11408
each,11385
patients,11363
does,11326
system,11263
part,11017
per,10938
But,10908
number,10895
If,10781
important,10671
well,10514
form,10496
years,10479
own,10451
however,10333
through,10233
order,10150
law,10041
local,10039
how,10001
general,9947
particular,9939
For,9826
given,9797
terms,9752
children,9737
political,9727
did,9727
her,9706
rather,9706
less,9634
before,9565
our,9563
make,9547
found,9403
you,9337
often,9334
information,9213
against,9143
need,9053
whether,9046
possible,9026
government,8902
As,8851
state,8820
now,8797
like,8723
study,8534
three,8464
However,8442
evidence,8357
public,8320
fact,8316
cases,8290
We,8287
group,8270
cent,8159
point,8150
power,8023
without,8004
effect,8001
Act,7949
control,7938
These,7831
further,7792
since,7772
language,7761
therefore,7692
him,7660
women,7564
They,7418
seen,7352
development,7329
life,7274
set,7255
another,7210
view,7188
still,7179
upon,7068
take,7038
data,7032
right,7012
process,7011
large,6963
while,6859
course,6854
present,6829
groups,6825
change,6815
question,6786
during,6785
likely,6761
class,6756
He,6724
although,6700
problems,6653
court,6631
means,6570
period,6568
education,6556
problem,6547
small,6543
areas,6533
level,6516
care,6496
second,6425
section,6385
place,6370
she,6360
itself,6353
too,6353
words,6313
far,6305
least,6283
early,6274
result,6257
support,6203
though,6189
just,6165
position,6159
individual,6157
taken,6154
school,6143
theory,6140
person,6138
society,6133
certain,6128
little,6118
either,6085
good,6041
analysis,6008
subject,5994
common,5968
sense,5934
high,5901
long,5839
practice,5781
clear,5769
similar,5767
whole,5762
said,5749
above,5728
become,5722
world,5700
child,5682
policy,5672
later,5662
party,5651
approach,5615
us,5612
seems,5601
nature,5595
age,5562
others,5511
knowledge,5510
action,5492
economic,5490
shown,5467
major,5464
area,5440
necessary,5435
say,5434
provide,5433
family,5428
authority,5417
role,5392
give,5370
men,5367
using,5359
themselves,5346
end,5332
interest,5324
here,5293
One,5287
English,5279
research,5277
particularly,5232
based,5220
century,5202
experience,5161
British,5121
changes,5114
studies,5083
human,5071
services,5063
following,5060
available,5043
conditions,4979
known,4949
community,4932
required,4914
structure,4901
always,4889
population,4887
health,4798
significant,4772
year,4754
account,4751
range,4745
At,4738
difficult,4737
main,4728
able,4706
value,4687
few,4686
described,4675
Thus,4669
higher,4646
great,4646
To,4641
results,4640
treatment,4610
history,4607
already,4574
among,4568
basis,4568
p.,4556
provided,4552
concerned,4540
usually,4519
find,4505
What,4491
forms,4489
property,4474
considered,4460
legal,4455
word,4453
thought,4450
towards,4450
behaviour,4447
needs,4437
greater,4427
perhaps,4422
disease,4399
activity,4392
On,4357
context,4351
held,4339
involved,4327
thus,4322
my,4318
type,4310
having,4304
specific,4279
kind,4261
relationship,4253
v.,4223
members,4223
know,4210
matter,4201
reason,4196
service,4185
national,4176
working,4142
four,4131
including,4089
shall,4085
come,4085
When,4078
various,4078
land,4072
left,4056
show,4051
All,4049
systems,4048
ways,4044
schools,4024
decision,4020
associated,4019
mean,3972
function,3971
increased,3970
C,3963
rate,3960
central,3959
Although,3959
extent,3948
down,3942
material,3942
effects,3941
model,3940
especially,3935
term,3931
interests,3926
whose,3923
increase,3907
business,3895
contract,3890
meaning,3890
simply,3874
something,3865
relation,3860
police,3858
together,3848
until,3831
several,3820
man,3819
Britain,3816
situation,3810
single,3805
normal,3787
last,3776
developed,3776
hand,3775
again,3762
probably,3759
et,3754
differences,3753
B,3751
true,3749
difference,3745
factors,3745
quite,3737
almost,3735
parties,3734
Court,3725
circumstances,3710
clearly,3706
seem,3698
making,3693
best,3690
test,3661
appropriate,3660
called,3658
third,3655
United,3652
earlier,3646
issue,3636
help,3629
teachers,3628
real,3621
rules,3617
Some,3617
production,3617
b,3611
v,3598
never,3595
By,3594
response,3593
questions,3589
influence,3560
put,3555
personal,3536
levels,3517
argument,3513
management,3511
importance,3508
generally,3482
An,3468
established,3467
company,3463
subjects,3451
day,3447
low,3443
values,3439
done,3439
complex,3435
young,3432
England,3429
special,3428
related,3425
old,3385
private,3383
authorities,3381
every,3370
Figure,3368
principle,3360
total,3358
better,3350
cells,3349
idea,3342
times,3331
back,3328
himself,3324
claim,3318
workers,3315
rights,3314
became,3306
reasons,3302
risk,3296
cause,3293
natural,3291
London,3285
issues,3281
sometimes,3281
n't,3279
And,3266
parents,3265
field,3264
limited,3262
act,3258
growth,3252
respect,3252
Such,3248
chapter,3241
simple,3240
go,3239
relevant,3231
full,3224
method,3223
recent,3217
things,3212
instance,3198
degree,3192
think,3190
stage,3186
attention,3177
home,3176
consider,3167
relations,3164
yet,3147
why,3136
shows,3131
suggested,3130
war,3118
provision,3113
status,3106
potential,3104
rule,3102
Chapter,3093
book,3093
death,3068
direct,3067
body,3063
text,3052
free,3049
methods,3045
produced,3042
learning,3032
outside,3031
include,3025
reference,3015
activities,3011
staff,3007
written,3003
ideas,2996
report,2993
sexual,2989
lower,2985
compared,2985
primary,2983
force,2981
points,2979
past,2965
argued,2959
species,2959
movement,2957
suggest,2946
due,2943
once,2941
culture,2938
understanding,2931
appear,2931
types,2931
suggests,2928
your,2923
modern,2920
future,2918
relatively,2916
goods,2914
effective,2905
considerable,2902
basic,2893
me,2884
teaching,2878
labour,2873
pattern,2868
individuals,2867
resources,2863
addition,2863
makes,2854
employment,2835
around,2834
line,2831
five,2828
purpose,2827
p,2820
physical,2817
training,2814
income,2814
discussion,2813
agreement,2794
indeed,2792
amount,2790
late,2785
country,2782
patient,2776
current,2772
discussed,2772
standard,2764
positive,2758
next,2757
get,2755
countries,2748
states,2746
off,2746
attempt,2744
latter,2742
open,2740
teacher,2734
produce,2730
size,2727
came,2723
took,2723
duty,2718
defined,2705
reported,2703
market,2701
pupils,2699
provides,2698
below,2696
concept,2693
application,2693
features,2689
whom,2685
students,2684
review,2676
parts,2676
loss,2674
useful,2674
benefit,2673
according,2673
That,2672
longer,2668
numbers,2665
mind,2663
source,2663
short,2661
elements,2661
quality,2659
c,2655
obtained,2655
Lord,2640
showed,2639
taking,2632
courts,2631
previous,2629
turn,2623
Fig.,2618
strong,2617
series,2614
money,2613
pressure,2612
Table,2607
contrast,2602
appears,2601
events,2600
months,2591
lack,2584
look,2582
examples,2573
rates,2571
expected,2566
House,2563
aspects,2558
States,2557
al,2552
speech,2552
trade,2545
included,2543
expressed,2532
led,2531
So,2529
enough,2528
costs,2513
paid,2512
directly,2506
apply,2500
American,2499
writing,2498
solution,2493
figure,2487
procedure,2478
actually,2476
traditional,2473
deal,2468
away,2466
appeal,2464
identified,2462
proportion,2459
presence,2457
carried,2455
majority,2452
original,2445
brought,2444
sentence,2442
alternative,2442
lead,2441
six,2439
received,2429
occur,2423
half,2418
task,2418
pay,2410
applied,2410
followed,2409
concern,2405
e.g.,2392
Even,2391
French,2386
processes,2380
factor,2378
medical,2369
expression,2368
science,2368
existence,2367
interpretation,2365
regarded,2363
access,2361
State,2360
programme,2358
days,2346
separate,2345
curriculum,2343
treated,2340
independent,2340
serious,2338
cultural,2336
becomes,2335
gives,2333
largely,2333
referred,2332
light,2331
close,2330
professional,2327
relative,2318
nor,2316
exercise,2313
difficulties,2305
event,2303
decisions,2296
poor,2296
acid,2293
side,2290
purposes,2287
matters,2285
surface,2284
politics,2282
living,2282
variety,2280
tax,2277
merely,2276
possibility,2276
remains,2276
ability,2274
assessment,2273
principles,2271
nothing,2266
II,2262
policies,2260
water,2258
needed,2257
rise,2254
final,2251
increasing,2250
certainly,2249
performance,2244
highly,2244
choice,2240
powers,2237
moral,2236
H,2226
condition,2225
presented,2225
computer,2223
educational,2218
beyond,2217
recognition,2217
patterns,2215
crime,2212
active,2201
content,2199
relationships,2196
distinction,2195
absence,2192
functions,2187
really,2186
region,2186
complete,2183
allow,2182
Labour,2180
skills,2179
J,2177
failure,2176
Since,2176
DNA,2174
element,2171
unless,2170
reduced,2168
cell,2165
require,2161
key,2158
design,2156
capital,2153
accepted,2151
regard,2145
Many,2143
date,2133
Parliament,2128
observed,2127
No,2124
significance,2121
industrial,2117
Soviet,2116
defendant,2115
understand,2114
older,2112
doing,2112
reasonable,2106
paper,2103
housing,2098
achieved,2097
follow,2096
existing,2095
institutions,2095
return,2093
reading,2093
formal,2085
responsibility,2085
average,2084
families,2083
answer,2082
international,2080
European,2078
claims,2078
male,2076
financial,2073
alone,2073
planning,2073
foreign,2072
character,2071
determined,2070
definition,2068
obvious,2062
significantly,2061
historical,2057
essential,2055
necessarily,2052
distribution,2051
sufficient,2048
name,2044
legislation,2042
play,2042
noted,2042
develop,2038
record,2038
gave,2037
proceedings,2033
sequence,2031
classes,2029
member,2028
sources,2026
military,2023
statement,2019
After,2015
along,2011
former,2011
want,2010
going,2009
ensure,2008
charge,2006
asked,1998
theories,1993
created,1990
actual,1986
space,1985
liability,1981
follows,1976
scale,1975
Indeed,1974
head,1973
across,1969
black,1968
otherwise,1961
responsible,1961
consideration,1959
allowed,1957
explain,1957
cost,1956
intended,1950
doubt,1949
consent,1943
read,1942
popular,1942
scheme,1940
wide,1940
records,1934
art,1933
felt,1930
remain,1928
reality,1925
caused,1924
plaintiff,1920
opinion,1920
Of,1920
First,1919
With,1918
forces,1915
While,1912
Yet,1911
saw,1910
i.e.,1908
civil,1906
structures,1905
judgment,1904
difficulty,1903
takes,1899
practical,1898
giving,1896
Where,1895
From,1895
rural,1894
larger,1894
urban,1892
accept,1892
initial,1889
criminal,1887
gastric,1886
sort,1882
negative,1881
previously,1881
environment,1881
National,1878
views,1875
facts,1874
believe,1874
practices,1874
overall,1872
whereas,1872
trial,1869
secondary,1868
damage,1867
occurred,1866
judge,1866
conclusion,1863
unit,1862
hospital,1861
frequently,1860
procedures,1856
techniques,1856
phase,1855
lines,1855
demand,1854
product,1851
critical,1850
impact,1850
success,1849
grounds,1848
centre,1846
explanation,1842
fully,1840
successful,1839
continued,1839
requires,1839
notice,1836
sex,1835
remained,1835
throughout,1835
introduced,1833
His,1833
linguistic,1830
easily,1830
clause,1828
move,1827
object,1827
New,1827
ground,1825
Council,1823
beginning,1823
length,1823
emphasis,1823
economy,1822
apparent,1818
began,1814
breach,1813
She,1809
attitudes,1808
published,1806
defence,1802
went,1802
sample,1801
operation,1799
additional,1798
offer,1798
description,1797
i,1797
substantial,1794
agreed,1791
direction,1785
discourse,1783
hours,1783
style,1783
transfer,1778